<annotation>
	<folder>images</folder>
	<filename>numberplate_2.jpg</filename>
	<path>C:\Users\anilb\Downloads\carnumberplate-main\carnumberplate-main\images\numberplate_2.jpg</path>
	<source>
		<database>Unknown</database>
	</source>
	<size>
		<width>1080</width>
		<height>500</height>
		<depth>3</depth>
	</size>
	<segmented>0</segmented>
	<object>
		<name>numberplate</name>
		<pose>Unspecified</pose>
		<truncated>0</truncated>
		<difficult>0</difficult>
		<bndbox>
			<xmin>507</xmin>
			<ymin>329</ymin>
			<xmax>644</xmax>
			<ymax>357</ymax>
		</bndbox>
	</object>
</annotation>
